filename,label
XXYJ4_0.png,XXYJ4
7N4EJ_1.png,7N4EJ
LP6T5_2.png,LP6T5
AQ9E5_3.png,AQ9E5
JHILW_4.png,JHILW
0M3SE_5.png,0M3SE
Q63DU_6.png,Q63DU
Q9DNV_7.png,Q9DNV
JNLRH_8.png,JNLRH
JMYOC_9.png,JMYOC
AE7X8_10.png,AE7X8
EFJCL_11.png,EFJCL
I241M_12.png,I241M
MAQPV_13.png,MAQPV
7C8A6_14.png,7C8A6
P6Z6W_15.png,P6Z6W
9RPYW_16.png,9RPYW
7YLZY_17.png,7YLZY
DXUAX_18.png,DXUAX
KDPYW_19.png,KDPYW
AWWRF_20.png,AWWRF
TFOLR_21.png,TFOLR
7VZ63_22.png,7VZ63
TZK44_23.png,TZK44
28F3Z_24.png,28F3Z
9YPI5_25.png,9YPI5
L207H_26.png,L207H
CAULO_27.png,CAULO
ZMOEN_28.png,ZMOEN
T47U2_29.png,T47U2
GU4O8_30.png,GU4O8
2AMD1_31.png,2AMD1
2A3X7_32.png,2A3X7
FQ4HP_33.png,FQ4HP
Z5I5E_34.png,Z5I5E
UYNJH_35.png,UYNJH
EITR9_36.png,EITR9
DMZ7B_37.png,DMZ7B
GHX8K_38.png,GHX8K
W91F4_39.png,W91F4
J5HF8_40.png,J5HF8
1TDF1_41.png,1TDF1
MG1L8_42.png,MG1L8
6JVPA_43.png,6JVPA
NTPZZ_44.png,NTPZZ
FVJ7R_45.png,FVJ7R
LL2G7_46.png,LL2G7
LTGMM_47.png,LTGMM
3S7OP_48.png,3S7OP
XOYI7_49.png,XOYI7
2PEL9_50.png,2PEL9
CCZ9N_51.png,CCZ9N
TEBRG_52.png,TEBRG
BBDSL_53.png,BBDSL
VGIRS_54.png,VGIRS
FE1LZ_55.png,FE1LZ
9MAA4_56.png,9MAA4
LSMHQ_57.png,LSMHQ
S33OU_58.png,S33OU
QSK2K_59.png,QSK2K
JZXXP_60.png,JZXXP
IHJSX_61.png,IHJSX
HI0WP_62.png,HI0WP
MH2RX_63.png,MH2RX
9230B_64.png,9230B
JZ1P2_65.png,JZ1P2
MKC4U_66.png,MKC4U
RJ5TY_67.png,RJ5TY
TNBG6_68.png,TNBG6
HTYF6_69.png,HTYF6
89685_70.png,89685
8OXUR_71.png,8OXUR
YW1PE_72.png,YW1PE
56HUN_73.png,56HUN
M2R6G_74.png,M2R6G
GCE3Q_75.png,GCE3Q
ZU6KI_76.png,ZU6KI
VIS6V_77.png,VIS6V
HAHZ3_78.png,HAHZ3
X3EFJ_79.png,X3EFJ
UGN00_80.png,UGN00
AZV8Z_81.png,AZV8Z
KIHOM_82.png,KIHOM
2DEMU_83.png,2DEMU
NTGJ3_84.png,NTGJ3
TH2BU_85.png,TH2BU
UYYZK_86.png,UYYZK
O61IR_87.png,O61IR
8BSKU_88.png,8BSKU
VKY5V_89.png,VKY5V
WFM7L_90.png,WFM7L
D0XGG_91.png,D0XGG
ZOEV6_92.png,ZOEV6
27AAH_93.png,27AAH
MRNV4_94.png,MRNV4
D7AHZ_95.png,D7AHZ
JEMFS_96.png,JEMFS
R7YLJ_97.png,R7YLJ
GXGGN_98.png,GXGGN
TMHRU_99.png,TMHRU
WZNIM_100.png,WZNIM
HV9L7_101.png,HV9L7
XT9KZ_102.png,XT9KZ
19QOV_103.png,19QOV
SNNY5_104.png,SNNY5
FIWTR_105.png,FIWTR
JCVH9_106.png,JCVH9
OR1LN_107.png,OR1LN
FWSPK_108.png,FWSPK
V1P3M_109.png,V1P3M
AKUUW_110.png,AKUUW
M29QM_111.png,M29QM
C9UR3_112.png,C9UR3
9AHAQ_113.png,9AHAQ
UQXQD_114.png,UQXQD
1W45M_115.png,1W45M
KZOX4_116.png,KZOX4
CFXQ3_117.png,CFXQ3
VDUJ9_118.png,VDUJ9
QAB83_119.png,QAB83
NBRLP_120.png,NBRLP
XXIAU_121.png,XXIAU
DSPW7_122.png,DSPW7
FJ17Z_123.png,FJ17Z
SUSYR_124.png,SUSYR
6ACC3_125.png,6ACC3
86BLW_126.png,86BLW
WX6OW_127.png,WX6OW
8F1YK_128.png,8F1YK
MT5SC_129.png,MT5SC
XPS66_130.png,XPS66
UTIVI_131.png,UTIVI
ISJ1A_132.png,ISJ1A
MVZN1_133.png,MVZN1
0Y6X1_134.png,0Y6X1
C643O_135.png,C643O
GW1F3_136.png,GW1F3
YHI9D_137.png,YHI9D
K5FDZ_138.png,K5FDZ
2NC41_139.png,2NC41
U36IM_140.png,U36IM
X6VN2_141.png,X6VN2
ZW5W2_142.png,ZW5W2
VJ3FT_143.png,VJ3FT
OS81T_144.png,OS81T
XW1I6_145.png,XW1I6
LTP5H_146.png,LTP5H
ZV32B_147.png,ZV32B
E7CNH_148.png,E7CNH
O7S7D_149.png,O7S7D
RZSS5_150.png,RZSS5
EDRKU_151.png,EDRKU
IN1V4_152.png,IN1V4
AKVES_153.png,AKVES
CYL63_154.png,CYL63
FTZD1_155.png,FTZD1
6L8PX_156.png,6L8PX
JIGL8_157.png,JIGL8
STQI7_158.png,STQI7
XU72I_159.png,XU72I
F8LFM_160.png,F8LFM
5MZ2H_161.png,5MZ2H
R93DR_162.png,R93DR
7YPFZ_163.png,7YPFZ
4NM0R_164.png,4NM0R
JZHJE_165.png,JZHJE
Y61JU_166.png,Y61JU
BUGSZ_167.png,BUGSZ
5XJ66_168.png,5XJ66
CN3PD_169.png,CN3PD
9M9JE_170.png,9M9JE
VKNCP_171.png,VKNCP
8EOBC_172.png,8EOBC
EJH0N_173.png,EJH0N
NPSJD_174.png,NPSJD
IOL5V_175.png,IOL5V
CCAXL_176.png,CCAXL
NNPWD_177.png,NNPWD
J4J72_178.png,J4J72
CXWO6_179.png,CXWO6
OMZFD_180.png,OMZFD
0VKET_181.png,0VKET
9G57D_182.png,9G57D
7CJKZ_183.png,7CJKZ
RG5GW_184.png,RG5GW
H23SD_185.png,H23SD
T0SE6_186.png,T0SE6
GPMOW_187.png,GPMOW
GNB66_188.png,GNB66
YVHCJ_189.png,YVHCJ
U422S_190.png,U422S
HK4TY_191.png,HK4TY
H1C73_192.png,H1C73
WDNWN_193.png,WDNWN
GKLWY_194.png,GKLWY
J2922_195.png,J2922
TE29M_196.png,TE29M
GLJY7_197.png,GLJY7
SR1UY_198.png,SR1UY
4QGK8_199.png,4QGK8
MJAPI_200.png,MJAPI
WKF3F_201.png,WKF3F
2XFKK_202.png,2XFKK
T3AYE_203.png,T3AYE
GWQKW_204.png,GWQKW
SL0N5_205.png,SL0N5
ENO8D_206.png,ENO8D
3SDA0_207.png,3SDA0
E3R7X_208.png,E3R7X
VGETC_209.png,VGETC
81DUZ_210.png,81DUZ
4M9WW_211.png,4M9WW
ODHBH_212.png,ODHBH
RG5V2_213.png,RG5V2
I8A9V_214.png,I8A9V
5HW6Z_215.png,5HW6Z
PLDM8_216.png,PLDM8
ZYPE2_217.png,ZYPE2
AZ7KW_218.png,AZ7KW
VHOLF_219.png,VHOLF
1KGI5_220.png,1KGI5
J49FP_221.png,J49FP
EUGAW_222.png,EUGAW
3SIPS_223.png,3SIPS
DRXLO_224.png,DRXLO
K4FQ6_225.png,K4FQ6
Q34RM_226.png,Q34RM
7NKVF_227.png,7NKVF
PRP5V_228.png,PRP5V
K3PIK_229.png,K3PIK
3GL7E_230.png,3GL7E
PGXRX_231.png,PGXRX
1K24J_232.png,1K24J
HSPYF_233.png,HSPYF
GYDZJ_234.png,GYDZJ
A4R4A_235.png,A4R4A
Z8TE7_236.png,Z8TE7
9ZXAV_237.png,9ZXAV
CF7GL_238.png,CF7GL
V603E_239.png,V603E
LETAW_240.png,LETAW
2AHZK_241.png,2AHZK
Y8E9Z_242.png,Y8E9Z
2OFVC_243.png,2OFVC
2Q594_244.png,2Q594
7J9LH_245.png,7J9LH
Q5JFV_246.png,Q5JFV
CVE86_247.png,CVE86
30M69_248.png,30M69
TPXR8_249.png,TPXR8
WXVXR_250.png,WXVXR
2L6L0_251.png,2L6L0
4318N_252.png,4318N
UY8B5_253.png,UY8B5
B74ZD_254.png,B74ZD
GDGLM_255.png,GDGLM
VFTKX_256.png,VFTKX
MO1EF_257.png,MO1EF
M30R1_258.png,M30R1
OTWPA_259.png,OTWPA
5KY3L_260.png,5KY3L
KHEEG_261.png,KHEEG
EW1V5_262.png,EW1V5
HAGYW_263.png,HAGYW
SGR51_264.png,SGR51
ZH9Q6_265.png,ZH9Q6
YCKA5_266.png,YCKA5
T82BM_267.png,T82BM
U1KD0_268.png,U1KD0
YVM1Q_269.png,YVM1Q
KTKYS_270.png,KTKYS
51JVC_271.png,51JVC
XJX4Q_272.png,XJX4Q
23TKQ_273.png,23TKQ
XWIHG_274.png,XWIHG
LHB87_275.png,LHB87
S4WI8_276.png,S4WI8
2KU82_277.png,2KU82
45NR7_278.png,45NR7
138VS_279.png,138VS
EY2Y4_280.png,EY2Y4
9YJSS_281.png,9YJSS
67FAP_282.png,67FAP
QEZFL_283.png,QEZFL
O3YXM_284.png,O3YXM
R0FAS_285.png,R0FAS
W8LBE_286.png,W8LBE
0YKMT_287.png,0YKMT
Z122K_288.png,Z122K
X5XAS_289.png,X5XAS
NUJWA_290.png,NUJWA
6NOSI_291.png,6NOSI
Q63P1_292.png,Q63P1
GCDEA_293.png,GCDEA
D3YSQ_294.png,D3YSQ
RJ9P4_295.png,RJ9P4
LM2FM_296.png,LM2FM
CL940_297.png,CL940
L96V0_298.png,L96V0
SMJ0W_299.png,SMJ0W
3ASPP_300.png,3ASPP
DI99O_301.png,DI99O
G5ONL_302.png,G5ONL
05FIK_303.png,05FIK
VEMQQ_304.png,VEMQQ
03IXS_305.png,03IXS
FX6H7_306.png,FX6H7
3CD72_307.png,3CD72
JUDSN_308.png,JUDSN
OK5D7_309.png,OK5D7
PU15M_310.png,PU15M
4XC2C_311.png,4XC2C
C2KH2_312.png,C2KH2
PUTEE_313.png,PUTEE
TJM27_314.png,TJM27
WPEBU_315.png,WPEBU
VZYN9_316.png,VZYN9
H38UP_317.png,H38UP
ZZW5E_318.png,ZZW5E
2MFA3_319.png,2MFA3
QM1JN_320.png,QM1JN
QVZTQ_321.png,QVZTQ
IG4H7_322.png,IG4H7
KQ04N_323.png,KQ04N
3TFM9_324.png,3TFM9
TWWA2_325.png,TWWA2
EOCLR_326.png,EOCLR
RT938_327.png,RT938
SH1JJ_328.png,SH1JJ
0QK65_329.png,0QK65
CN7DO_330.png,CN7DO
P5TXG_331.png,P5TXG
15IH9_332.png,15IH9
QCBNS_333.png,QCBNS
FNVTS_334.png,FNVTS
V2NZT_335.png,V2NZT
HAMAH_336.png,HAMAH
7CW2I_337.png,7CW2I
ZEN2G_338.png,ZEN2G
UY0XF_339.png,UY0XF
2JM1A_340.png,2JM1A
3ZB8C_341.png,3ZB8C
H6BOY_342.png,H6BOY
MIV6T_343.png,MIV6T
FWXNZ_344.png,FWXNZ
BXFOS_345.png,BXFOS
N8GN5_346.png,N8GN5
T06QE_347.png,T06QE
ZZU92_348.png,ZZU92
MB23P_349.png,MB23P
8FW5G_350.png,8FW5G
LLE2T_351.png,LLE2T
Y18TG_352.png,Y18TG
OE9K7_353.png,OE9K7
RX9Z3_354.png,RX9Z3
CTBRG_355.png,CTBRG
803JK_356.png,803JK
5CQ4P_357.png,5CQ4P
6440R_358.png,6440R
LT91P_359.png,LT91P
YTG2U_360.png,YTG2U
M1WYH_361.png,M1WYH
RRSAT_362.png,RRSAT
2KFOD_363.png,2KFOD
YQ6XI_364.png,YQ6XI
ZS5OU_365.png,ZS5OU
GX9PZ_366.png,GX9PZ
QPR48_367.png,QPR48
2MVTW_368.png,2MVTW
JZ82C_369.png,JZ82C
8J25D_370.png,8J25D
ZC5BV_371.png,ZC5BV
XRJ34_372.png,XRJ34
50XYA_373.png,50XYA
M17S9_374.png,M17S9
YU8S6_375.png,YU8S6
S8UM6_376.png,S8UM6
73ZZD_377.png,73ZZD
XYDTZ_378.png,XYDTZ
0B5Z6_379.png,0B5Z6
LG2BQ_380.png,LG2BQ
HPCU8_381.png,HPCU8
RBBV0_382.png,RBBV0
4HHLP_383.png,4HHLP
JFSJN_384.png,JFSJN
O3OC8_385.png,O3OC8
FAHDN_386.png,FAHDN
356ZJ_387.png,356ZJ
CNPEK_388.png,CNPEK
AGGSC_389.png,AGGSC
ZY07L_390.png,ZY07L
TIOBK_391.png,TIOBK
L614D_392.png,L614D
IIIAM_393.png,IIIAM
2A1ZC_394.png,2A1ZC
TJ33N_395.png,TJ33N
EENCN_396.png,EENCN
D6JWI_397.png,D6JWI
OO12J_398.png,OO12J
XQ9U7_399.png,XQ9U7
VAEM5_400.png,VAEM5
IXT62_401.png,IXT62
FA97H_402.png,FA97H
2I3RS_403.png,2I3RS
CDEBQ_404.png,CDEBQ
XSP21_405.png,XSP21
NHN5H_406.png,NHN5H
Z1XZW_407.png,Z1XZW
Q98KY_408.png,Q98KY
3AEKH_409.png,3AEKH
SSZ3S_410.png,SSZ3S
9HVXD_411.png,9HVXD
O6TIZ_412.png,O6TIZ
48JIV_413.png,48JIV
050MU_414.png,050MU
LKJXR_415.png,LKJXR
EZ0QI_416.png,EZ0QI
ILGLJ_417.png,ILGLJ
JLEU6_418.png,JLEU6
KLU6W_419.png,KLU6W
F6INY_420.png,F6INY
X2P27_421.png,X2P27
DYYNH_422.png,DYYNH
JPFLJ_423.png,JPFLJ
WU9H6_424.png,WU9H6
2F5X9_425.png,2F5X9
8L7P3_426.png,8L7P3
DJDEW_427.png,DJDEW
M013S_428.png,M013S
2WTZ0_429.png,2WTZ0
Y3PUK_430.png,Y3PUK
Q9QNB_431.png,Q9QNB
68AK4_432.png,68AK4
WCPPO_433.png,WCPPO
CN23F_434.png,CN23F
VGVSL_435.png,VGVSL
J5A0I_436.png,J5A0I
0Y2M1_437.png,0Y2M1
4QQKZ_438.png,4QQKZ
L5JFN_439.png,L5JFN
P862P_440.png,P862P
M5IYR_441.png,M5IYR
XNZ6D_442.png,XNZ6D
RVKAP_443.png,RVKAP
OV07N_444.png,OV07N
4KMXU_445.png,4KMXU
AH6W7_446.png,AH6W7
QDJ7L_447.png,QDJ7L
XD06Y_448.png,XD06Y
YLIOY_449.png,YLIOY
H53UM_450.png,H53UM
8SMNX_451.png,8SMNX
3WORG_452.png,3WORG
VOQTN_453.png,VOQTN
J3S2R_454.png,J3S2R
I1FUM_455.png,I1FUM
MJ1JD_456.png,MJ1JD
V49NG_457.png,V49NG
TSDJW_458.png,TSDJW
J2YRR_459.png,J2YRR
8T6GK_460.png,8T6GK
Y767T_461.png,Y767T
478DE_462.png,478DE
GKL21_463.png,GKL21
8ACVV_464.png,8ACVV
V7BW5_465.png,V7BW5
TWG70_466.png,TWG70
C1H1S_467.png,C1H1S
VJ59D_468.png,VJ59D
FXRJE_469.png,FXRJE
B6EX1_470.png,B6EX1
OPKQ8_471.png,OPKQ8
7LN1O_472.png,7LN1O
O6EKK_473.png,O6EKK
S4R73_474.png,S4R73
JWLGK_475.png,JWLGK
8MI71_476.png,8MI71
OHSFJ_477.png,OHSFJ
QMXT0_478.png,QMXT0
CFNFE_479.png,CFNFE
GXFT1_480.png,GXFT1
6U3KQ_481.png,6U3KQ
A40GK_482.png,A40GK
ZDHS3_483.png,ZDHS3
I0454_484.png,I0454
SNF6R_485.png,SNF6R
5G4J5_486.png,5G4J5
RZYPL_487.png,RZYPL
Q8YAA_488.png,Q8YAA
ONOA5_489.png,ONOA5
KY5MF_490.png,KY5MF
KGKQX_491.png,KGKQX
IOOGJ_492.png,IOOGJ
191IN_493.png,191IN
2C2V5_494.png,2C2V5
G9VCO_495.png,G9VCO
5PCRA_496.png,5PCRA
VP03E_497.png,VP03E
STB3I_498.png,STB3I
GO09H_499.png,GO09H
2EHBE_500.png,2EHBE
XXFYI_501.png,XXFYI
GCJT0_502.png,GCJT0
JRFES_503.png,JRFES
83K6G_504.png,83K6G
ROWL1_505.png,ROWL1
SSUGL_506.png,SSUGL
48C9Q_507.png,48C9Q
00I88_508.png,00I88
PPRL2_509.png,PPRL2
PFQKX_510.png,PFQKX
3X4LJ_511.png,3X4LJ
Q9S1C_512.png,Q9S1C
2YCNZ_513.png,2YCNZ
NB2OV_514.png,NB2OV
PCHJV_515.png,PCHJV
YCNLZ_516.png,YCNLZ
Y4FUT_517.png,Y4FUT
VYL0T_518.png,VYL0T
8ZJQA_519.png,8ZJQA
LZ4M9_520.png,LZ4M9
FCVTH_521.png,FCVTH
8SG0V_522.png,8SG0V
EWQSM_523.png,EWQSM
2HUE5_524.png,2HUE5
K8ZZ1_525.png,K8ZZ1
55PXX_526.png,55PXX
PSY2C_527.png,PSY2C
HOWW0_528.png,HOWW0
ZRZAY_529.png,ZRZAY
XRQJ9_530.png,XRQJ9
BPSV2_531.png,BPSV2
EBKYX_532.png,EBKYX
LD0QW_533.png,LD0QW
BTPZ5_534.png,BTPZ5
TO0BG_535.png,TO0BG
XHB0C_536.png,XHB0C
BJC45_537.png,BJC45
X5C55_538.png,X5C55
FS6JA_539.png,FS6JA
HU8CO_540.png,HU8CO
1D3VW_541.png,1D3VW
V7Q56_542.png,V7Q56
GDN1U_543.png,GDN1U
CM5H5_544.png,CM5H5
CDUEZ_545.png,CDUEZ
IVRLL_546.png,IVRLL
VDEFP_547.png,VDEFP
3UFJQ_548.png,3UFJQ
GIDTW_549.png,GIDTW
7OM75_550.png,7OM75
J7HB7_551.png,J7HB7
Z8KF4_552.png,Z8KF4
8NL9L_553.png,8NL9L
L1A9B_554.png,L1A9B
L9CRO_555.png,L9CRO
GF69I_556.png,GF69I
K8Z5Z_557.png,K8Z5Z
NZFPT_558.png,NZFPT
C5XPC_559.png,C5XPC
EITVX_560.png,EITVX
WUUUW_561.png,WUUUW
07ADX_562.png,07ADX
TSN1I_563.png,TSN1I
TH38K_564.png,TH38K
0B2YQ_565.png,0B2YQ
N2E81_566.png,N2E81
JXYVZ_567.png,JXYVZ
OB785_568.png,OB785
7S5FC_569.png,7S5FC
MFZLU_570.png,MFZLU
Z6CQW_571.png,Z6CQW
417LZ_572.png,417LZ
41K09_573.png,41K09
V1HIZ_574.png,V1HIZ
JDHQZ_575.png,JDHQZ
JOCEH_576.png,JOCEH
U0K34_577.png,U0K34
HJLDU_578.png,HJLDU
Q4JG0_579.png,Q4JG0
4GOJR_580.png,4GOJR
7DIC4_581.png,7DIC4
VAOSP_582.png,VAOSP
8NNIN_583.png,8NNIN
MBENU_584.png,MBENU
FSJ1V_585.png,FSJ1V
OU19P_586.png,OU19P
OES4Q_587.png,OES4Q
XC4S7_588.png,XC4S7
UYKPR_589.png,UYKPR
XV4DM_590.png,XV4DM
1P7WT_591.png,1P7WT
ZX3GM_592.png,ZX3GM
G0YWL_593.png,G0YWL
F6PG5_594.png,F6PG5
7LLUO_595.png,7LLUO
57M7X_596.png,57M7X
RZ4RP_597.png,RZ4RP
KY1I3_598.png,KY1I3
6QWJP_599.png,6QWJP
5O668_600.png,5O668
BT31X_601.png,BT31X
KOWHF_602.png,KOWHF
ND598_603.png,ND598
1BZZQ_604.png,1BZZQ
SV1O8_605.png,SV1O8
NW1CC_606.png,NW1CC
0GW5I_607.png,0GW5I
E2K6X_608.png,E2K6X
R44OE_609.png,R44OE
KKDTD_610.png,KKDTD
6GANG_611.png,6GANG
SPADK_612.png,SPADK
ZOZ6F_613.png,ZOZ6F
08XGJ_614.png,08XGJ
EX907_615.png,EX907
TZX0D_616.png,TZX0D
2POYM_617.png,2POYM
DDN0L_618.png,DDN0L
H34EM_619.png,H34EM
4CCMX_620.png,4CCMX
F822Z_621.png,F822Z
DZ3NM_622.png,DZ3NM
IK4C6_623.png,IK4C6
IC1C3_624.png,IC1C3
97SUA_625.png,97SUA
K3G25_626.png,K3G25
63MEO_627.png,63MEO
ND5A6_628.png,ND5A6
S7AUN_629.png,S7AUN
DCJZ6_630.png,DCJZ6
3S9BG_631.png,3S9BG
X484X_632.png,X484X
YENG4_633.png,YENG4
LA6LG_634.png,LA6LG
L6QJ9_635.png,L6QJ9
XHE23_636.png,XHE23
YCH0X_637.png,YCH0X
PJ77N_638.png,PJ77N
7C440_639.png,7C440
X94PN_640.png,X94PN
KIW9C_641.png,KIW9C
0Q6Y0_642.png,0Q6Y0
6H9LL_643.png,6H9LL
UB8AT_644.png,UB8AT
7BNW7_645.png,7BNW7
Q9ZW3_646.png,Q9ZW3
QA2EW_647.png,QA2EW
RUKFH_648.png,RUKFH
CIQRU_649.png,CIQRU
KIRUW_650.png,KIRUW
NMPUL_651.png,NMPUL
CKKZ2_652.png,CKKZ2
QK157_653.png,QK157
YPC5V_654.png,YPC5V
XKOX2_655.png,XKOX2
YVI4C_656.png,YVI4C
WN6IF_657.png,WN6IF
BA6MY_658.png,BA6MY
QDJJN_659.png,QDJJN
J9080_660.png,J9080
1ASTZ_661.png,1ASTZ
1ZSEN_662.png,1ZSEN
MVXNS_663.png,MVXNS
KMZDC_664.png,KMZDC
4RFWG_665.png,4RFWG
0A0YW_666.png,0A0YW
TWPL7_667.png,TWPL7
S4CA7_668.png,S4CA7
UYCG2_669.png,UYCG2
CZKUF_670.png,CZKUF
CQWRQ_671.png,CQWRQ
IPEMC_672.png,IPEMC
RWFYB_673.png,RWFYB
WQ2BW_674.png,WQ2BW
YLNXI_675.png,YLNXI
KJ2TF_676.png,KJ2TF
9DXCY_677.png,9DXCY
88SCD_678.png,88SCD
Z1WOX_679.png,Z1WOX
RFH2R_680.png,RFH2R
Y7I33_681.png,Y7I33
C5RD6_682.png,C5RD6
EFVGA_683.png,EFVGA
C8EN0_684.png,C8EN0
DOU3M_685.png,DOU3M
8GJ4X_686.png,8GJ4X
DF3Q2_687.png,DF3Q2
R6W2Y_688.png,R6W2Y
QU58R_689.png,QU58R
7KCWI_690.png,7KCWI
HJC5F_691.png,HJC5F
GV7EV_692.png,GV7EV
VE8UZ_693.png,VE8UZ
67RCY_694.png,67RCY
DP2GL_695.png,DP2GL
PNBWS_696.png,PNBWS
X03JU_697.png,X03JU
XRRVH_698.png,XRRVH
AW099_699.png,AW099
49ZBH_700.png,49ZBH
1KEOD_701.png,1KEOD
10ZN0_702.png,10ZN0
YCN7F_703.png,YCN7F
Y5ZJ3_704.png,Y5ZJ3
SBY8V_705.png,SBY8V
YRS5J_706.png,YRS5J
XBW8F_707.png,XBW8F
R9TT1_708.png,R9TT1
UPKRS_709.png,UPKRS
GZF6R_710.png,GZF6R
TABP6_711.png,TABP6
EK7WJ_712.png,EK7WJ
KENUB_713.png,KENUB
084IS_714.png,084IS
OZK66_715.png,OZK66
PTVDO_716.png,PTVDO
PEG9L_717.png,PEG9L
AX03D_718.png,AX03D
K2CKY_719.png,K2CKY
NUVBO_720.png,NUVBO
VS37V_721.png,VS37V
R5R7L_722.png,R5R7L
4CSOU_723.png,4CSOU
PBNP7_724.png,PBNP7
A7UUY_725.png,A7UUY
UVOFO_726.png,UVOFO
PHE3B_727.png,PHE3B
1ESU8_728.png,1ESU8
0M48K_729.png,0M48K
2FPUD_730.png,2FPUD
ASJBM_731.png,ASJBM
7T8W8_732.png,7T8W8
TE1IG_733.png,TE1IG
NSN6P_734.png,NSN6P
7W145_735.png,7W145
LDR33_736.png,LDR33
QM8PG_737.png,QM8PG
0ECY8_738.png,0ECY8
ELG3P_739.png,ELG3P
4F2NJ_740.png,4F2NJ
AGABX_741.png,AGABX
6LT8X_742.png,6LT8X
0X8PF_743.png,0X8PF
2UV2J_744.png,2UV2J
LNH1O_745.png,LNH1O
CZ9AY_746.png,CZ9AY
0CNOA_747.png,0CNOA
L10A4_748.png,L10A4
C2RKK_749.png,C2RKK
QQ4VE_750.png,QQ4VE
92DJP_751.png,92DJP
S5G4H_752.png,S5G4H
K1QSM_753.png,K1QSM
CP5K1_754.png,CP5K1
OWSW6_755.png,OWSW6
XG67R_756.png,XG67R
40O4Z_757.png,40O4Z
HRYVM_758.png,HRYVM
4FTJC_759.png,4FTJC
U1ADS_760.png,U1ADS
W1XU3_761.png,W1XU3
XL37V_762.png,XL37V
7TFVG_763.png,7TFVG
8X5JJ_764.png,8X5JJ
XO1AU_765.png,XO1AU
MRHX6_766.png,MRHX6
N0FU8_767.png,N0FU8
YAEWN_768.png,YAEWN
ZOHQS_769.png,ZOHQS
R0AWU_770.png,R0AWU
55U16_771.png,55U16
4KXBG_772.png,4KXBG
ZBU2J_773.png,ZBU2J
RJFQG_774.png,RJFQG
9WX7Q_775.png,9WX7Q
DGFNQ_776.png,DGFNQ
JYOM2_777.png,JYOM2
37IDV_778.png,37IDV
PX9QQ_779.png,PX9QQ
7AYLT_780.png,7AYLT
3W1UY_781.png,3W1UY
U6SDD_782.png,U6SDD
KJMX4_783.png,KJMX4
MEP4D_784.png,MEP4D
NVCIF_785.png,NVCIF
K0XTH_786.png,K0XTH
VL7N0_787.png,VL7N0
MSXS6_788.png,MSXS6
OPYIQ_789.png,OPYIQ
SS13S_790.png,SS13S
MYN2B_791.png,MYN2B
O6XNC_792.png,O6XNC
P3B4J_793.png,P3B4J
EUHHQ_794.png,EUHHQ
TXEHM_795.png,TXEHM
0YHTQ_796.png,0YHTQ
YQVZB_797.png,YQVZB
E8C6Q_798.png,E8C6Q
J8CY5_799.png,J8CY5
7349J_800.png,7349J
E4ZBQ_801.png,E4ZBQ
SB2OW_802.png,SB2OW
A8XVR_803.png,A8XVR
CFD5X_804.png,CFD5X
Z4VZ9_805.png,Z4VZ9
OOBJX_806.png,OOBJX
4UA43_807.png,4UA43
ED0TY_808.png,ED0TY
XA22L_809.png,XA22L
Z0PIV_810.png,Z0PIV
DT8VL_811.png,DT8VL
QGG5S_812.png,QGG5S
2XM3Q_813.png,2XM3Q
52AZ6_814.png,52AZ6
HGMPM_815.png,HGMPM
PKXL8_816.png,PKXL8
HRWYP_817.png,HRWYP
KYXTP_818.png,KYXTP
BBLFA_819.png,BBLFA
SZ8F4_820.png,SZ8F4
5S9NK_821.png,5S9NK
FFAJ2_822.png,FFAJ2
VHM93_823.png,VHM93
C3ALB_824.png,C3ALB
TC6GP_825.png,TC6GP
4UF62_826.png,4UF62
LSL97_827.png,LSL97
2MDCM_828.png,2MDCM
BK0QJ_829.png,BK0QJ
S0D3M_830.png,S0D3M
QBGKV_831.png,QBGKV
DHEBK_832.png,DHEBK
LE6BP_833.png,LE6BP
7QTDG_834.png,7QTDG
ZEOES_835.png,ZEOES
KZ6WU_836.png,KZ6WU
NWFIV_837.png,NWFIV
9ZS4A_838.png,9ZS4A
JKXLI_839.png,JKXLI
36N7P_840.png,36N7P
KJI14_841.png,KJI14
QYBOY_842.png,QYBOY
ATS0P_843.png,ATS0P
CL68A_844.png,CL68A
H6ETX_845.png,H6ETX
FCX99_846.png,FCX99
NZVK4_847.png,NZVK4
25VAK_848.png,25VAK
OLAEU_849.png,OLAEU
0S0DS_850.png,0S0DS
KQPUZ_851.png,KQPUZ
32HAS_852.png,32HAS
6DK0V_853.png,6DK0V
7QP81_854.png,7QP81
OPHPR_855.png,OPHPR
CAI2W_856.png,CAI2W
MSMTO_857.png,MSMTO
F1X1F_858.png,F1X1F
44194_859.png,44194
IXOIL_860.png,IXOIL
GCI5S_861.png,GCI5S
PQMYY_862.png,PQMYY
2HFNK_863.png,2HFNK
AYROA_864.png,AYROA
JT2QF_865.png,JT2QF
O6XZI_866.png,O6XZI
3OED9_867.png,3OED9
ZMNHU_868.png,ZMNHU
1LBWQ_869.png,1LBWQ
P4OZQ_870.png,P4OZQ
OLS0G_871.png,OLS0G
ER8YB_872.png,ER8YB
VRA5Y_873.png,VRA5Y
N010X_874.png,N010X
AOBAB_875.png,AOBAB
0UE25_876.png,0UE25
A4OG9_877.png,A4OG9
G5FHM_878.png,G5FHM
C0RFU_879.png,C0RFU
EM6ZT_880.png,EM6ZT
022B8_881.png,022B8
2V3E2_882.png,2V3E2
Q0BQS_883.png,Q0BQS
DA4HE_884.png,DA4HE
EGIK9_885.png,EGIK9
U6C9R_886.png,U6C9R
3KC4K_887.png,3KC4K
6HQOQ_888.png,6HQOQ
YG8EG_889.png,YG8EG
XQGTN_890.png,XQGTN
ARFNW_891.png,ARFNW
PEFAI_892.png,PEFAI
B11TG_893.png,B11TG
7NS86_894.png,7NS86
KM7Z9_895.png,KM7Z9
A2VOA_896.png,A2VOA
WCQFJ_897.png,WCQFJ
1E8WI_898.png,1E8WI
7HTBA_899.png,7HTBA
F3015_900.png,F3015
MQ4FF_901.png,MQ4FF
ISTYT_902.png,ISTYT
U1NMI_903.png,U1NMI
9FOQG_904.png,9FOQG
GEMGN_905.png,GEMGN
CZZHZ_906.png,CZZHZ
J1W8E_907.png,J1W8E
Z6WU7_908.png,Z6WU7
GBPLL_909.png,GBPLL
Z8MKG_910.png,Z8MKG
E4CI9_911.png,E4CI9
00TRZ_912.png,00TRZ
9FAC7_913.png,9FAC7
83PMD_914.png,83PMD
5OJOY_915.png,5OJOY
XD7IQ_916.png,XD7IQ
QBV7F_917.png,QBV7F
A8EK2_918.png,A8EK2
T2MGM_919.png,T2MGM
5DNV2_920.png,5DNV2
OZSXC_921.png,OZSXC
2JMIX_922.png,2JMIX
8II9O_923.png,8II9O
5NY9D_924.png,5NY9D
IKANS_925.png,IKANS
PBEY4_926.png,PBEY4
E9ACQ_927.png,E9ACQ
3GYGO_928.png,3GYGO
QNW7R_929.png,QNW7R
8WC9A_930.png,8WC9A
9WX4C_931.png,9WX4C
US37E_932.png,US37E
VQKQ5_933.png,VQKQ5
FISVT_934.png,FISVT
BJERL_935.png,BJERL
3ZBKX_936.png,3ZBKX
I0HJE_937.png,I0HJE
ATX66_938.png,ATX66
H9OBQ_939.png,H9OBQ
94HVP_940.png,94HVP
ED5EU_941.png,ED5EU
32H87_942.png,32H87
GPLB3_943.png,GPLB3
APOPC_944.png,APOPC
FCIHS_945.png,FCIHS
UL7H7_946.png,UL7H7
B9MYN_947.png,B9MYN
LAVYW_948.png,LAVYW
1UE8P_949.png,1UE8P
3POWI_950.png,3POWI
X9UKM_951.png,X9UKM
UIXRU_952.png,UIXRU
8GNL5_953.png,8GNL5
5X7WC_954.png,5X7WC
0Y55Y_955.png,0Y55Y
K8BE7_956.png,K8BE7
P7UIU_957.png,P7UIU
X8CBF_958.png,X8CBF
HU9IN_959.png,HU9IN
7AOHP_960.png,7AOHP
Z6RIY_961.png,Z6RIY
S2W7W_962.png,S2W7W
O7GME_963.png,O7GME
DBWGQ_964.png,DBWGQ
7GNV6_965.png,7GNV6
XRS4X_966.png,XRS4X
Y0KU6_967.png,Y0KU6
2JUFW_968.png,2JUFW
VOAHX_969.png,VOAHX
APTDC_970.png,APTDC
4V4XT_971.png,4V4XT
OOZIU_972.png,OOZIU
HFV4P_973.png,HFV4P
GWTOD_974.png,GWTOD
TXALU_975.png,TXALU
1RU4A_976.png,1RU4A
8UP6Y_977.png,8UP6Y
7MGTO_978.png,7MGTO
ZE48R_979.png,ZE48R
0ATIU_980.png,0ATIU
7O2AQ_981.png,7O2AQ
VPNNJ_982.png,VPNNJ
61VMS_983.png,61VMS
237RO_984.png,237RO
ZC0EY_985.png,ZC0EY
NJW3L_986.png,NJW3L
GPDP6_987.png,GPDP6
GYI7E_988.png,GYI7E
BN9TV_989.png,BN9TV
3A3R6_990.png,3A3R6
0F34R_991.png,0F34R
DDF1Z_992.png,DDF1Z
4BWAK_993.png,4BWAK
H0Y28_994.png,H0Y28
4CWKT_995.png,4CWKT
VCBUA_996.png,VCBUA
X1FQR_997.png,X1FQR
UUGZY_998.png,UUGZY
U660J_999.png,U660J
